category,correlation,p-value
All,0.21964545427585858,3.3264201485580965e-05
