category,correlation,p-value
All,0.2219424555036003,1.3325067776180193e-05
