category,correlation,p-value
All,0.13667585621403608,0.022842324398473682
