category,correlation,p-value
All,0.13997214542190145,0.028049737364016447
